timestamp,left_joystick,right_joystick,engine_rpm,machine_speed,tilt_angle,is_reversing
0.0,-0.08197296657715632,0.5316737842435983,1200.0369046007245,0.0,9.016783082112491,0
1.0,0.06043516279062515,0.6096491732161613,1240.3639398710202,0.004108578473794997,7.877085379265,0
2.0,0.05996006131954165,0.5701851876124683,1254.4929422997257,0.016389299449645768,5.651524483585155,0
3.0,0.10928116034498894,0.5741735518140122,1267.1429238614203,0.036707612778634824,10.66839575561266,0
4.0,0.03986279629858468,0.4998128380453544,1311.106890935504,0.06484090676804932,6.534248398459271,0
5.0,0.13703572582524093,0.5350282804832807,1325.5420304116185,0.100480947161671,8.098380538233776,0
6.0,0.15541734093839205,0.5696092133042363,1387.2145047028916,0.1432372542187894,7.908287653273012,0
7.0,0.17181016399034665,0.6045709146030015,1455.227227093816,0.19264138089195432,9.585634154772405,0
8.0,0.13129123552235708,0.5976286040559631,1429.2757902889402,0.24815204523085627,6.624860407971976,0
9.0,0.25565062573687547,0.5305875907632251,1453.7800528491298,0.3091610607806451,8.640186720080834,0
10.0,0.3448652144083095,0.5101508244092148,1514.695261505556,0.3749999999999999,5.815368946798319,0
11.0,0.3458333071022031,0.46166838141643746,1537.490031253818,0.44494751769314966,8.39255783131672,0
12.0,0.32262382089219355,0.5055280214737754,1555.833578845421,0.5182372542187894,5.327659010626822,0
13.0,0.3768484360473875,0.45390867684880554,1549.6781932886565,0.5940662318866806,5.673854043734025,0
14.0,0.4393183678272154,0.47618112224388676,1600.6008091414167,0.6716036525492599,8.7891084256677,0
15.0,0.28624317557921886,0.5118484089182266,1645.1231645456771,0.7500000000000002,6.1323113316698885,0
16.0,0.4396600679461046,0.39985961595222425,1605.5604588678839,0.8283963474507399,5.517683309924904,0
17.0,0.4934475842332543,0.3027245109211989,1652.5591040429758,0.9059337681133193,8.39763704091678,0
18.0,0.5195166278866772,0.3096286292240415,1628.373514430943,0.9817627457812106,5.244317029390009,0
19.0,0.5882388511177559,0.2538760489421854,1664.516208573705,1.05505248230685,3.1329063185273105,0
20.0,0.5763675262254871,0.24014451552925112,1664.3631911369112,1.1249999999999998,5.101941997441772,0
21.0,0.550232056250333,0.3376578360180015,1727.5511805807803,1.1908389392193546,1.8594026224042275,0
22.0,0.5632260748913319,0.25537496451840436,1710.1038801422492,1.2518479547691435,4.946367952722277,0
23.0,0.599495523298051,0.13901204814839213,1768.286186662972,1.3073586191080457,4.675910236092658,0
24.0,0.5436675600399751,0.21809180492647456,1775.3364423758187,1.3567627457812104,1.612697187187739,0
25.0,0.5775460930262818,0.21831017076545656,1773.9475674345424,1.399519052838329,1.1286995868943914,0
26.0,0.6322005105942102,0.10675328661886244,1711.3857691156682,1.435159093231951,1.9280499200684404,0
27.0,0.6904852651018372,0.06006113706729425,1776.4522174816836,1.4632923872213652,1.2727084479902944,0
28.0,0.5887497719343768,0.045848192336344615,1795.2581088589318,1.483610700550354,0.6303037191582878,0
29.0,0.596757686386251,0.04563189925847495,1802.5769904328433,1.495891421526205,1.2708194494217728,0
30.0,0.6099240096893839,0.03199850751281859,1754.0959270348383,1.5,3.0628135443957136,0
31.0,0.6663379055531471,0.02770926815624538,1784.8451225717263,1.495891421526205,1.067976837329158,0
32.0,0.5951974720415064,-0.0020931676649336983,1767.357564879265,1.4836107005503545,1.44213915342664,0
33.0,0.6660809561806398,-0.03459048661278969,1768.3478871743146,1.4632923872213648,1.6613740476055627,0
34.0,0.5385556995688459,-0.05665094290165182,1818.7155191418658,1.435159093231951,1.2024576684784913,0
35.0,0.5702536809865912,-0.12222203757149483,1755.3294555134842,1.399519052838329,3.9125860004488686,0
36.0,0.5607256519428159,-0.2619555268415677,1769.6582586287266,1.3567627457812108,1.5893633301458607,0
37.0,0.5994735421031321,-0.22156898120286106,1786.6799519198164,1.3073586191080457,3.1371746193449295,0
38.0,0.6003902934344745,-0.2283459602143108,1730.6192616032615,1.251847954769144,4.2292173123268375,0
39.0,0.45913169660710906,-0.291550613094113,1731.252856025496,1.190838939219355,5.682163199659785,0
40.0,0.473859360980102,-0.2544369572549014,1722.9291665681476,1.1250000000000002,5.774663907598922,0
41.0,0.5200449647060775,-0.3447941196182915,1705.1157939949064,1.0550524823068503,3.816625122076336,0
42.0,0.4524755143306777,-0.39895850287366935,1648.6585218324376,0.9817627457812106,6.148055682652961,0
43.0,0.3901661880918004,-0.3053772846579493,1668.571783785493,0.9059337681133199,4.938265081620777,0
44.0,0.49781089388761063,-0.36817814832499784,1686.651597938683,0.8283963474507406,3.760070418733679,0
45.0,0.44896257291961095,-0.4133013795019094,1577.849728368074,0.7500000000000002,4.107890326473012,0
46.0,0.4261372386583522,-0.3995514407134446,1627.2598444559628,0.6716036525492595,3.6045631626749146,0
47.0,0.35381994880759765,-0.41316086490741327,1581.1728554007998,0.5940662318866804,6.661607676932482,0
48.0,0.40411807398385,-0.4683584060763336,1533.4270395522674,0.5182372542187896,8.099859562727772,0
49.0,0.31478542118766034,-0.6260854117119691,1586.795917399289,0.4449475176931502,5.178576277981643,0
50.0,0.35482176389114756,-0.5533947148040493,1522.8677913625413,0.3749999999999999,6.463797454518656,0
51.0,0.226811042296597,-0.5574328709919362,1436.4156327805713,0.3091610607806452,5.442126218390813,0
52.0,0.20133521346128996,-0.5973373193412173,1446.277472708624,0.24815204523085616,7.291779554559786,0
53.0,0.22525393025706522,-0.5502143842023052,1432.3214572372858,0.19264138089195473,5.6751743752836585,0
54.0,0.15029358933511555,-0.511023803134525,1379.746732864446,0.14323725421878952,6.338871000279829,0
55.0,0.18906398032995414,-0.6038007750337944,1375.7787350773688,0.10048094716167122,6.652775255186111,0
56.0,0.13775140169710828,-0.643630193923827,1322.751494886173,0.06484090676804932,7.069896489175623,0
57.0,0.04771211813098365,-0.49121126381155755,1313.8781058491684,0.03670761277863487,7.304958205967433,0
58.0,0.06636035800784726,-0.6192850175258406,1305.8727557102768,0.01638929944964585,7.606621452424187,0
59.0,0.013837689336398215,-0.6608259670884068,1211.131706215597,0.004108578473795063,7.650176918743016,0
60.0,0.045791641458852436,-0.588116137519077,1206.0941583116883,2.2496396739927864e-32,6.514708106660445,0
61.0,-0.06302922290467636,-0.5778935917732675,1217.5023464496137,0.004108578473794955,8.75700578890301,0
62.0,-0.0846757327342361,-0.6319656417049977,1266.535130297367,0.016389299449645782,5.352647458805471,0
63.0,-0.0332988337553217,-0.5530903256276694,1258.2448431886341,0.036707612778634754,8.060870542799913,0
64.0,-0.01281734502852977,-0.611254532354617,1307.3679665955751,0.06484090676804916,6.347107513237194,0
65.0,-0.055340993850115386,-0.6257030415429604,1349.4055478773773,0.10048094716167069,7.862768391995812,0
66.0,-0.18224904604193823,-0.5617043663508491,1412.373112787981,0.14323725421878972,7.978451123506665,0
67.0,-0.20407803437376903,-0.5216098070420736,1449.3774299508043,0.19264138089195448,4.420281183381444,0
68.0,-0.16736905273134683,-0.5798198491452956,1404.3361520709523,0.24815204523085588,7.772380838942874,0
69.0,-0.2786160401559593,-0.51807263671231,1448.5550288641164,0.3091610607806444,9.04387733752041,0
70.0,-0.3488174568568684,-0.5242898242409306,1519.4071026772026,0.37500000000000017,7.999326468806612,0
71.0,-0.3209396411372013,-0.36198065828044723,1467.0108274837814,0.4449475176931499,7.185206473825695,0
72.0,-0.33009531234887723,-0.520838180683123,1538.7760554269128,0.5182372542187892,3.239348175922917,0
73.0,-0.41904971552081477,-0.39707899684720704,1574.6736268597997,0.5940662318866802,5.907033793346299,0
74.0,-0.4837899208902725,-0.44850420970838084,1639.1888131339194,0.6716036525492599,4.543088504120207,0
75.0,-0.49610054443963353,-0.43060216889554315,1644.9461857290512,0.7499999999999998,7.159254184812507,0
76.0,-0.41261543107781995,-0.36539510823849314,1636.0704926797705,0.8283963474507396,4.82413241622915,0
77.0,-0.5042064026897748,-0.3328927063028771,1655.2303000511838,0.90593376811332,4.027345605804003,0
78.0,-0.49247755124352405,-0.28932036932781435,1677.9043346094306,0.9817627457812104,1.9998415851432592,0
79.0,-0.49257440655036255,-0.3103508342522583,1748.9082227809395,1.0550524823068503,5.401517952606184,0
80.0,-0.48865819831592755,-0.33001981948789655,1706.774493993477,1.1249999999999996,3.094765805959238,0
81.0,-0.5513490544486944,-0.2992766050529313,1725.493502862079,1.1908389392193546,3.1780481352363847,0
82.0,-0.5231914895615305,-0.21855932630131253,1758.7049466041185,1.251847954769144,4.7864652104043675,0
83.0,-0.6046512705043631,-0.18597577619679337,1756.5251425457272,1.3073586191080453,2.896127949741677,0
84.0,-0.5887196110609927,-0.1155076495901438,1764.7153829381202,1.3567627457812104,2.8673483193041673,0
85.0,-0.6307762751628345,-0.13436990429057755,1746.1334814789093,1.399519052838329,5.558600499740342,0
86.0,-0.5303001996221876,-0.07173860122776894,1786.5429163991269,1.4351590932319507,0.7652898399687345,0
87.0,-0.5939671657604321,-0.018022127284940764,1779.3055676678498,1.4632923872213648,0.44111059070655423,0
88.0,-0.6336785116024789,-0.05447705073403724,1831.6969705066706,1.483610700550354,1.494629897135264,0
89.0,-0.6167963107560017,-0.10567950632530035,1818.7703759337794,1.4958914215262051,2.426530566865595,0
90.0,-0.6110864240361638,-0.05896385432502911,1799.275691609702,1.5,2.2198213006989307,0
91.0,-0.5641517312864939,-0.04048856966375978,1819.2291515507648,1.4958914215262051,0.8176865810342389,0
92.0,-0.6764949461302258,0.14229659701129732,1786.5170506695695,1.483610700550354,2.3612796471586552,0
93.0,-0.6444732964383536,0.05149024928269136,1824.1767951098911,1.4632923872213652,3.366958415374861,0
94.0,-0.6057939230181583,0.18633909276127011,1786.7265736201346,1.4351590932319507,0.8819333500575357,0
95.0,-0.45294020413505065,0.1845780226397059,1797.0569663988535,1.3995190528383294,3.288784159781304,0
96.0,-0.5228499651504924,0.2711736529669207,1731.9071124173877,1.3567627457812108,2.1104124344944104,0
97.0,-0.5657208398548682,0.2651754607015722,1770.548657364674,1.3073586191080457,2.7731206341125807,1
98.0,-0.5125272954650186,0.2389234727848098,1697.4811510645643,1.2518479547691441,3.125469719648369,1
99.0,-0.431732106031504,0.2623927773240646,1673.5440461648227,1.1908389392193552,3.629945599233817,1
100.0,-0.5313024386094326,0.30425838599730737,1710.48093593932,1.1249999999999998,5.670940299444015,1
101.0,-0.5215230079721326,0.3355464686039588,1676.2045125392967,1.0550524823068508,4.542853576663135,1
102.0,-0.42481301946387373,0.3261339678193129,1690.3317804963353,0.9817627457812109,4.471682896252645,1
103.0,-0.44157880196753563,0.37596081975046935,1733.6302756687644,0.9059337681133206,4.619757281123782,1
104.0,-0.41232023752030855,0.4819443669154348,1620.9351998440738,0.8283963474507396,5.865016074678668,1
105.0,-0.4496751886759576,0.3391571531706457,1605.5457611186114,0.7500000000000003,4.314552154530512,1
106.0,-0.30526820719817815,0.4588113022627793,1607.6404821972562,0.671603652549261,5.191170957994203,1
107.0,-0.29211269455021927,0.4209399365751449,1592.382633372273,0.59406623188668,6.138746819994883,1
108.0,-0.3243737619318465,0.4947620507652124,1547.3789693983113,0.5182372542187899,5.6233634866870235,1
109.0,-0.29256892910165433,0.5451951295276645,1520.6055111014196,0.44494751769314966,6.531650314158076,1
110.0,-0.401363043612152,0.5167347332477785,1521.0738886536165,0.37500000000000067,6.012037935896996,1
111.0,-0.24050881016886774,0.5732532605054408,1487.9915289547453,0.3091610607806454,10.133988862050401,1
112.0,-0.25374741520674626,0.4686353045163512,1413.0317108832696,0.24815204523085627,9.301954772112573,1
113.0,-0.19332548443576936,0.6154977115315945,1412.6453301687052,0.19264138089195487,8.143571656574274,0
114.0,-0.1512872260326637,0.5404774476446863,1386.468802084813,0.14323725421878966,7.528024353152934,0
115.0,-0.1723560154669262,0.6106758992630593,1323.6568884000392,0.10048094716167094,11.013552854511365,0
116.0,-0.20927110450001013,0.5960109652391068,1332.5421875108868,0.06484090676804966,8.309610167980876,0
117.0,-0.07546695077042691,0.46333489540089323,1268.1219847088423,0.03670761277863492,7.771238462957813,0
118.0,-0.09978626058261234,0.5589099311474529,1291.879079198104,0.016389299449646032,8.410864728173873,0
119.0,-0.04791127838198306,0.6102031392495144,1237.1839511239184,0.004108578473794942,8.447951087654468,0
120.0,-0.030225492204709728,0.6776988040784563,1202.6791945730715,0.0,10.115476559725593,0
121.0,0.014322860983006894,0.6135411351479277,1213.670723160078,0.004108578473794997,7.960589239310698,0
122.0,-0.05275896990270501,0.609597931209501,1259.1587832442613,0.016389299449645768,11.105162399032064,0
123.0,0.15470803538571437,0.5219787998756134,1233.9282902369268,0.036707612778634824,6.578474834758526,0
124.0,0.13741431960697928,0.6584458952664579,1290.8047903749639,0.06484090676804932,8.866256131248711,0
125.0,0.21086139020745565,0.6699093455328469,1366.176621037175,0.100480947161671,6.224666445340837,0
126.0,0.28440228811546525,0.5720626619332908,1321.5531853703042,0.1432372542187894,10.334103565297177,0
127.0,0.21615042585531768,0.5491604034873153,1440.419025371615,0.19264138089195432,6.972795253637851,0
128.0,0.1539201730534513,0.46717478879507757,1391.659091584263,0.24815204523085627,7.2210797534221856,0
129.0,0.2276999573247488,0.5787699674608453,1495.096454923656,0.3091610607806451,8.514407552960725,0
130.0,0.23965477595516443,0.6547292085552843,1474.6350890136202,0.3749999999999999,8.811214256317841,0
131.0,0.3016896888517662,0.539057994506579,1550.15315353929,0.44494751769314966,5.041549288680947,0
132.0,0.35665355027878276,0.5485953725326282,1556.599687603028,0.5182372542187894,5.952897467537287,0
133.0,0.27748287127874055,0.4933919415595907,1531.487186421158,0.5940662318866806,4.124782782456114,0
134.0,0.4186021384823925,0.3966361009579988,1638.9528263020686,0.6716036525492599,6.151116330882435,0
135.0,0.3487462360476346,0.49109770026292165,1667.515283377607,0.7500000000000002,5.504795446780384,0
136.0,0.46075515842643705,0.33974961884182897,1643.9127481064302,0.8283963474507399,4.82964381673152,0
137.0,0.4608130196153334,0.3670589893467504,1658.0700887090127,0.9059337681133193,4.007871120047785,0
138.0,0.46972863466533954,0.36661373862561014,1680.6141876458494,0.9817627457812106,4.123422322567988,0
139.0,0.4995501879701887,0.3709289040478492,1673.947771083892,1.05505248230685,3.237519272024545,0
140.0,0.4926263414840785,0.3207992832715482,1752.5728450633708,1.1249999999999998,4.793442763039186,0
141.0,0.503980342342812,0.29173602488539874,1718.317156561115,1.1908389392193546,5.905849068723418,0
142.0,0.46398945504211614,0.20596758242404206,1746.59156220481,1.2518479547691435,0.3578069817528724,0
143.0,0.5586668901558546,0.15055219902915729,1736.3493638022298,1.3073586191080457,2.692992322255246,0
144.0,0.6629105953082579,0.18848423003812903,1751.8517167854861,1.3567627457812104,1.8448782938584252,0
145.0,0.6785802489176712,0.11978168819936752,1741.2237412239058,1.399519052838329,2.809105243572109,0
146.0,0.6529794402675305,0.05935773308719297,1824.6006398517154,1.435159093231951,0.23564300052650378,0
147.0,0.6279030843996606,0.0305633554490415,1787.9903771609022,1.4632923872213652,1.031821974282687,0
148.0,0.5628891310169646,0.03821065425193643,1825.6907857828282,1.483610700550354,0.723160567576525,0
149.0,0.6713152602635573,-0.06122736926293397,1799.577458760142,1.495891421526205,1.463734415152738,0
150.0,0.5971936222779515,-0.06737343514221858,1779.167894168913,1.5,25.14891194493744,0
151.0,0.5957339453645906,-0.11315842019922895,1789.3771630526767,1.495891421526205,25.660899498288845,0
152.0,0.5821517806290007,-0.05360410477150883,1779.9062057058773,1.4836107005503545,25.280945812625703,0
153.0,0.5972110993079973,-0.07346146754821771,1792.8517773326298,1.4632923872213648,26.62120067726826,0
154.0,0.5651278153608805,-0.024389966331514135,1775.6305552499748,1.435159093231951,28.994025001007316,0
155.0,0.5753663873047857,-0.23016791702313166,1770.557844295187,1.399519052838329,26.17695674592027,0
156.0,0.516403954340729,-0.21939004457045155,1729.2766692530147,1.3567627457812108,27.039730699313377,0
157.0,0.5414650706612951,-0.16939020026103996,1735.9428780696876,1.3073586191080457,28.098062998679715,0
158.0,0.6621550980830516,-0.25488067609492787,1797.7490010495735,1.251847954769144,26.776505748656064,0
159.0,0.5311242131149233,-0.288744196779118,1714.4669180254693,1.190838939219355,26.80418067322854,0
160.0,0.5076822140320751,-0.21454151483302222,1687.9924286419584,1.1250000000000002,30.638423951182276,0
161.0,0.5298210547225071,-0.34370372898505264,1713.3221307445056,1.0550524823068503,30.528726388098015,0
162.0,0.5208162877101415,-0.4104808948421842,1727.6283626116644,0.9817627457812106,27.38135437468801,0
163.0,0.4105991339155789,-0.44343923262324936,1622.6668477997464,0.9059337681133199,27.906285328511732,0
164.0,0.4355289561462744,-0.3846936476996181,1639.6312398388986,0.8283963474507406,31.46063454375001,0
165.0,0.47017786075866674,-0.4090019885416301,1605.3024920938813,0.7500000000000002,7.427919327847357,0
166.0,0.4149702452689201,-0.5144720138007455,1548.6477795854928,0.6716036525492595,6.901509934423121,0
167.0,0.383689936804991,-0.5155573897604981,1599.640035907654,0.5940662318866804,6.9643423018821835,0
168.0,0.4303720348059206,-0.4586745647341878,1551.9678338188387,0.5182372542187896,8.84823470282966,0
169.0,0.2928947830270342,-0.4743390021409973,1528.9266763377946,0.4449475176931502,6.662613664439505,0
170.0,0.3041372947553816,-0.5517763464508627,1477.4306558266323,0.3749999999999999,8.848471594887789,0
171.0,0.24639136658097452,-0.5034931044204215,1486.0378247336355,0.3091610607806452,8.943636668569228,0
172.0,0.31855739729929206,-0.5195345452210325,1427.8630653608604,0.24815204523085616,5.934204027741652,0
173.0,0.11742774976335378,-0.6493023433342981,1410.7336734722776,0.19264138089195473,8.493427325198754,0
174.0,0.1519031118507805,-0.5862370972995276,1352.162372859523,0.14323725421878952,7.7156589035329,0
175.0,0.12883357876011672,-0.5587992162173848,1318.8083442552668,0.10048094716167122,6.783762076798998,0
176.0,0.1579239956492351,-0.6155423455484827,1364.8129701496564,0.06484090676804932,6.60534469773361,0
177.0,0.12417445282961494,-0.6995595978054678,1278.6475378879843,0.03670761277863487,8.407036917950242,0
178.0,0.13247679097252882,-0.61086387329427,1271.4674886512662,0.01638929944964585,7.889998944964286,0
179.0,-0.04730006837109972,-0.5615730628556737,1230.3878607027455,0.004108578473795063,9.227145262128722,0
180.0,0.03752375045152406,-0.5209797207093434,1186.7656439171344,2.2496396739927864e-32,5.378930455311471,0
181.0,-0.04606556696018145,-0.7087168539154438,1216.1627446356497,0.004108578473794955,7.014111551391869,0
182.0,-0.09599833982350088,-0.46604706994275047,1281.6195557039598,0.016389299449645782,9.611034832835234,0
183.0,-0.06688225235551237,-0.648969820908546,1284.804650888121,0.036707612778634754,7.895419771476589,0
184.0,-0.17075399362743787,-0.5390400169002267,1320.2037050455167,0.06484090676804916,6.754853274831259,0
185.0,-0.2591370918272283,-0.5178455922467214,1355.9580737773465,0.10048094716167069,7.008290160459442,0
186.0,-0.2039211210711004,-0.521483044770402,1420.7054462325286,0.14323725421878972,4.8646969533006335,0
187.0,-0.2899093123092754,-0.5526673319203023,1435.4360989661745,0.19264138089195448,5.410164742202492,0
188.0,-0.27648777689901377,-0.6061981577199568,1455.5199938773198,0.24815204523085588,8.117323347880593,0
189.0,-0.2538165616561727,-0.5032759751137172,1455.4871580431306,0.3091610607806444,7.261822944200337,0
190.0,-0.28440001271929216,-0.5553769011094387,1458.540938399806,0.37500000000000017,8.850515319739788,0
191.0,-0.2474384485600879,-0.6293370879391188,1555.2693189610754,0.4449475176931499,6.335185069229228,0
192.0,-0.36265388872265814,-0.3439652649391548,1581.66456540211,0.5182372542187892,6.245604365680076,0
193.0,-0.45425881415729513,-0.4308824757761492,1573.3709826562022,0.5940662318866802,2.161943397727212,0
194.0,-0.43928320664709886,-0.3549830388621096,1617.7348790634205,0.6716036525492599,5.798795947504732,0
195.0,-0.47023327994324204,-0.46984520908665073,1647.7073603284907,0.7499999999999998,8.796732820469016,0
196.0,-0.5067781532093488,-0.3281032226447201,1670.8224288663857,0.8283963474507396,6.361174580927709,0
197.0,-0.4445192171234106,-0.2980987767224524,1693.9290810715768,0.90593376811332,4.866039311111087,0
198.0,-0.5176718135232303,-0.2749436751504252,1671.7416671051344,0.9817627457812104,6.586304957228993,0
199.0,-0.6020709816016049,-0.3278437376696238,1748.651530247196,1.0550524823068503,5.657923806197568,0
200.0,-0.48476910211470237,-0.36012310218713023,1682.217450522092,1.1249999999999996,4.548453712342159,0
201.0,-0.5401752429483561,-0.2812599401869099,1760.4556068228303,1.1908389392193546,3.1192065462179572,0
202.0,-0.5302854106679337,-0.3541804415338103,1762.9452369564833,1.251847954769144,3.501906161424827,0
203.0,-0.5548621786633218,-0.3001213891973572,1786.356829304056,1.3073586191080453,4.20079232753281,0
204.0,-0.5390511730696733,-0.1808132575674551,1827.004158989994,1.3567627457812104,1.2906141032568965,0
205.0,-0.5776545584226642,-0.20486135034992142,1824.0888599748005,1.399519052838329,2.8800085351069775,0
206.0,-0.5250784362663727,-0.13296935726339337,1752.5332532246036,1.4351590932319507,2.4122567916597344,0
207.0,-0.5713638648582212,-0.09931066659420658,1741.9528569490467,1.4632923872213648,3.3209531082487755,0
208.0,-0.5771097560515438,0.03381927446532751,1821.2198089925778,1.483610700550354,2.0152513184840277,0
209.0,-0.5786843749686165,0.0334797547417812,1768.7273483764668,1.4958914215262051,0.5589697438841832,0
210.0,-0.672831887128436,-0.002243629208141401,1799.6278383405745,1.5,2.426482737800631,0
211.0,-0.6074095084429303,0.09184655045423298,1824.3695451629003,1.4958914215262051,0.31192710799297774,0
212.0,-0.6096789616984388,0.023731420726075203,1747.3992166853964,1.483610700550354,1.9128152410535453,0
213.0,-0.5822356682990584,0.0770158278193949,1729.3135907277983,1.4632923872213652,0.6858128096294565,0
214.0,-0.654823268655098,0.17025822999652548,1794.6675310504002,1.4351590932319507,2.022979304149513,0
215.0,-0.49784975692879546,0.09320839818296242,1780.88707246184,1.3995190528383294,0.3953613437457668,0
216.0,-0.5654144765692658,0.17146116020995708,1763.2598176356346,1.3567627457812108,4.437552808276693,0
217.0,-0.6207141329308548,0.14897847672277803,1761.3042988114278,1.3073586191080457,4.518519100516549,1
218.0,-0.6335716227645025,0.24991560623687836,1722.3118063645422,1.2518479547691441,3.607141769381376,1
219.0,-0.5486682791990543,0.3540200876231997,1689.1990822948576,1.1908389392193552,0.9993057080424954,1
220.0,-0.5240990129169865,0.2623951555449514,1714.6155967442535,1.1249999999999998,2.4310564934544097,1
221.0,-0.5391169450659741,0.3380773958047074,1674.0510800357729,1.0550524823068508,5.822166873017233,1
222.0,-0.4808045052287724,0.3078050562936588,1636.1057569526354,0.9817627457812109,7.271963653757842,1
223.0,-0.49834636523616077,0.3201147874678827,1681.4580090159811,0.9059337681133206,5.4794862883762026,1
224.0,-0.41830398270112146,0.3396858877982277,1644.044936433771,0.8283963474507396,7.2240232519244145,1
225.0,-0.4604911596313728,0.4970016727824086,1636.459924810913,0.7500000000000003,4.745211694360068,1
226.0,-0.4034033750705615,0.5640086688173159,1571.7995155725373,0.671603652549261,5.661077868902792,1
227.0,-0.32865027596179536,0.49043976213946144,1557.8504708748026,0.59406623188668,6.218889547000727,1
228.0,-0.22408770722996935,0.4495955481681015,1522.699860558879,0.5182372542187899,7.106781085602073,1
229.0,-0.3771655806405465,0.5384469224844138,1500.1841649972746,0.44494751769314966,4.416150157896009,1
230.0,-0.3232253885043552,0.5028990659535113,1505.8622375324824,0.37500000000000067,8.339203494082945,1
231.0,-0.31438608473372487,0.5746738318898893,1448.90506135368,0.3091610607806454,9.111872160057136,1
232.0,-0.20482556975701635,0.5626769564955325,1454.7239745100885,0.24815204523085627,5.585260937880863,1
233.0,-0.2724257350130586,0.5741334634410753,1425.213447489727,0.19264138089195487,5.435633905087833,0
234.0,-0.20962804890462294,0.6009977127458562,1446.1650262313717,0.14323725421878966,8.134292302287657,0
235.0,-0.15677149122338793,0.5505808139245831,1313.507755685508,0.10048094716167094,6.74593875114387,0
236.0,-0.17368094146464313,0.5666701692846403,1351.3840858257072,0.06484090676804966,4.268936281973622,0
237.0,-0.14172693113959772,0.5065507248543848,1291.176040167486,0.03670761277863492,9.114381998799146,0
238.0,-0.08649822236668582,0.574619665148291,1262.2961860566627,0.016389299449646032,8.18956678829773,0
239.0,-0.13642358576263408,0.5280610863495026,1187.905659088568,0.004108578473794942,7.274065781324827,0
240.0,-0.07227391085366672,0.5927659400480029,1186.1941856182605,0.0,11.170166439066104,0
241.0,0.010749869356107583,0.5512961733834314,1253.697491649085,0.004108578473794997,8.19739265555608,0
242.0,0.07012860977769203,0.6017748582370294,1260.2427268000731,0.016389299449645768,6.826030072488385,0
243.0,0.08457267972645884,0.6152749696778697,1296.2923101364765,0.036707612778634824,8.053234442911622,0
244.0,0.03604857974868586,0.5158824318870395,1316.0255140726395,0.06484090676804932,6.265076904724108,0
245.0,0.13210211247351256,0.5388915410611428,1389.928519471101,0.100480947161671,6.58484644925143,0
246.0,0.22533207865027727,0.523468314685323,1384.7660196136635,0.1432372542187894,8.187996333549005,0
247.0,0.24281404532674628,0.5974729271522432,1349.0082995527182,0.19264138089195432,6.637346102659236,0
248.0,0.24010459276908838,0.6334453759549018,1423.2798093312456,0.24815204523085627,6.631902550185458,0
249.0,0.22802580608881787,0.5771807452815073,1413.3304016313207,0.3091610607806451,9.631469484768115,0
250.0,0.3315608185476102,0.502144295885707,1402.4568475351039,0.3749999999999999,8.217676405055085,0
251.0,0.2978369719485189,0.5764526602490608,1510.8799605158467,0.44494751769314966,7.913603273723622,0
252.0,0.29420873125178293,0.4097048098029049,1592.6779468785658,0.5182372542187894,7.265361008296907,0
253.0,0.33748292287181303,0.541255479480587,1579.0058318138204,0.5940662318866806,6.943470034242061,0
254.0,0.47389562840402255,0.4130761849713457,1566.3019925931656,0.6716036525492599,8.130035952179867,0
255.0,0.43527307062201315,0.2852494079541926,1596.0430726658558,0.7500000000000002,5.627535270529639,0
256.0,0.5038492479388217,0.5340186007695528,1679.8052921939366,0.8283963474507399,8.136316038220535,0
257.0,0.44232076120871405,0.45649338834608055,1671.0163755761364,0.9059337681133193,3.607460626455235,0
258.0,0.5323176635842256,0.3010769650194785,1686.85017387183,0.9817627457812106,4.3197254867579185,0
259.0,0.4731271385863505,0.3352338533886743,1701.5984871021126,1.05505248230685,2.2892177380563874,0
260.0,0.5117438738190216,0.28927502738734,1720.7672501173236,1.1249999999999998,3.484340470460588,0
261.0,0.6589214275108054,0.2775053400084747,1758.7660839213347,1.1908389392193546,4.40958764734798,0
262.0,0.5864847062005414,0.16987766396841852,1764.7042935062427,1.2518479547691435,5.430763478444176,0
263.0,0.5350897371319364,0.18094607059384038,1766.619396899056,1.3073586191080457,1.8719522890670488,0
264.0,0.566392957825756,0.20880826076234943,1739.3478590493917,1.3567627457812104,2.4800926653982236,0
265.0,0.5958666668177233,0.1664262355592912,1794.8887587207328,1.399519052838329,1.5317367610677568,0
266.0,0.6474114399160786,0.18470893999098692,1766.3611481005087,1.435159093231951,0.5553936153647328,0
267.0,0.5681563497735751,0.09784819189549325,1825.428374634097,1.4632923872213652,0.5325934599991466,0
268.0,0.50964718299074,0.18017816225549205,1758.5816125692402,1.483610700550354,0.927219454093934,0
269.0,0.5851956301964288,-0.0043850041126659856,1795.0490915644766,1.495891421526205,2.17940985070919,0
270.0,0.6007692728581878,0.012966619597677215,1799.7792514112618,1.5,0.16581472623675028,0
271.0,0.6046546192895063,-0.12721746854243965,1759.4383543334202,1.495891421526205,0.3872597467119179,0
272.0,0.6625476440300971,-0.12537373439881924,1848.3722865366585,1.4836107005503545,1.8228531545270492,0
273.0,0.608447358272379,-0.027434380977570144,1836.425207374869,1.4632923872213648,2.7678310751867903,0
274.0,0.6275344090220826,-0.1718871528645883,1772.981047592011,1.435159093231951,3.739754448955651,0
275.0,0.5244998110772009,-0.1287576683614409,1802.7071307403767,1.399519052838329,0.7364402556464409,0
276.0,0.6140289841983195,-0.18849873949253834,1781.9941918671987,1.3567627457812108,4.4850940512828235,0
277.0,0.6649592474811352,-0.2672482176115587,1681.7414719979633,1.3073586191080457,0.5303900570372146,0
278.0,0.5867727390980695,-0.261454449554838,1755.6392150738884,1.251847954769144,2.3536460048051224,0
279.0,0.5472817005100565,-0.29810598157606405,1732.7635921180233,1.190838939219355,4.17795545034369,0
280.0,0.5273146516910504,-0.32436829342289675,1722.1117628748991,1.1250000000000002,5.735615265582497,0
281.0,0.5925594527185546,-0.2891030104626441,1670.8960931724391,1.0550524823068503,2.7933720348302393,0
282.0,0.43905112245542527,-0.3200539236546548,1677.3297852383562,0.9817627457812106,2.1078052232266664,0
283.0,0.4607324589764801,-0.4064635194612552,1660.9398139727136,0.9059337681133199,6.435599741613426,0
284.0,0.4688972749333473,-0.4468335040072758,1681.5297218028063,0.8283963474507406,5.801162659691512,0
285.0,0.46146412410258847,-0.41014720198601273,1634.296880523659,0.7500000000000002,4.079418602301812,0
286.0,0.37961196852989554,-0.45088766587396645,1601.311712909235,0.6716036525492595,5.441483563778888,0
287.0,0.3929583043662642,-0.4148734537516935,1623.4613345672306,0.5940662318866804,3.217226257421534,0
288.0,0.33877507730792783,-0.3526455180942988,1536.0137134825745,0.5182372542187896,7.327352629206596,0
289.0,0.33280697764908035,-0.4610561190460149,1515.1005118627547,0.4449475176931502,5.895927731009128,0
290.0,0.29339542298130517,-0.5213517558238736,1445.4973496598282,0.3749999999999999,8.80459518518801,0
291.0,0.2153146159509506,-0.5432061130569736,1519.4674752322364,0.3091610607806452,3.9842145977583723,0
292.0,0.24298630659430767,-0.5909619806087688,1472.9719568913129,0.24815204523085616,8.403874879573188,0
293.0,0.2588783458302722,-0.6054818951174502,1442.5262110625315,0.19264138089195473,10.780593955920411,0
294.0,0.13705928204788478,-0.6208046853021458,1405.4771500183765,0.14323725421878952,7.797098162250671,0
295.0,0.1432368396227709,-0.5993222543437099,1358.5958846914223,0.10048094716167122,7.936552541982525,0
296.0,0.157986017713513,-0.6082457327283254,1331.2116826661254,0.06484090676804932,4.951823537027758,0
297.0,0.040367423686779924,-0.5554264690289912,1286.3004813161194,0.03670761277863487,8.409736192836716,0
298.0,0.07184899483600017,-0.6166630879709867,1256.6090651889037,0.01638929944964585,7.9751407791593305,0
299.0,-0.02160491720190528,-0.6090502066745481,1233.0306820971775,0.004108578473795063,7.09887797016742,0
300.0,0.05673152504168882,-0.6609137012777906,1245.3548853469133,2.2496396739927864e-32,5.620593975335776,0
301.0,0.084239495348227,-0.516948939392894,1248.0722108000086,0.004108578473794955,8.083880699655786,0
302.0,0.03839568625169609,-0.5713638167416362,1260.9632741878263,0.016389299449645782,6.396958322564361,0
303.0,-0.10481971291279531,-0.503169345895887,1276.4789175108365,0.036707612778634754,7.124379842669629,0
304.0,-0.08773705805362411,-0.5470442708384823,1305.6970598683056,0.06484090676804916,8.269533808013389,0
305.0,-0.14924154063650438,-0.5050736981777765,1403.372577396687,0.10048094716167069,7.611074947325929,0
306.0,-0.1803049018215044,-0.5830582860493404,1400.6108157517817,0.14323725421878972,7.565441312076113,0
307.0,-0.13763291668028876,-0.5242902155004759,1417.0472864765,0.19264138089195448,8.842680365553912,0
308.0,-0.31000096465468757,-0.4128519561100879,1433.6565305808983,0.24815204523085588,5.48784252947166,0
309.0,-0.21962956997042202,-0.5957806375933116,1439.122697492712,0.3091610607806444,9.2064825725092,0
310.0,-0.30244879975778677,-0.46080179451745207,1497.994153275903,0.37500000000000017,5.171449846449278,0
311.0,-0.25635638997880916,-0.4183051298466577,1552.9931620431223,0.4449475176931499,5.277735549876526,0
312.0,-0.34330948293051167,-0.46435381773949747,1540.895033970359,0.5182372542187892,6.611709842119375,0
313.0,-0.41122583435621163,-0.42802695508833866,1570.7749571398856,0.5940662318866802,7.3653342128663795,0
314.0,-0.38762134497774575,-0.38190517190078394,1594.8473332721455,0.6716036525492599,6.284796232312006,0
315.0,-0.38746571396044427,-0.457778827010202,1627.5518997518736,0.7499999999999998,4.947692262499588,0
316.0,-0.44409871158087666,-0.38060777740812046,1598.0965689240682,0.8283963474507396,4.238457191824972,0
317.0,-0.44188566304635274,-0.4219924814108399,1659.2256263152299,0.90593376811332,4.6041846830889535,0
318.0,-0.5114939554100675,-0.38723350344155516,1659.7783310803463,0.9817627457812104,3.214077514128557,0
319.0,-0.6098965358095081,-0.35836155828959537,1729.7398917441328,1.0550524823068503,5.193264138161419,0
320.0,-0.47461406308199594,-0.3073134136346099,1696.4972819737175,1.1249999999999996,3.6481354022499666,0
321.0,-0.4996459277038062,-0.26490551791955497,1751.9153169320416,1.1908389392193546,5.9844427142205525,0
322.0,-0.5407183553548439,-0.22089032749455,1793.8603981673634,1.251847954769144,2.1084531563502997,0
323.0,-0.5567277277878048,-0.2875662042179482,1750.7403680598723,1.3073586191080453,2.6371792184350262,0
324.0,-0.5188191213093551,-0.08407142553294134,1752.586622213388,1.3567627457812104,3.0954972207616716,0
325.0,-0.6024108320472691,-0.09611497922369927,1785.2984635472237,1.399519052838329,0.3282387327412932,0
326.0,-0.6222152637082092,-0.087568876021018,1786.8276896120124,1.4351590932319507,0.6260043033473182,0
327.0,-0.6020404978318818,-0.11218719860447399,1762.804513936891,1.4632923872213648,5.476067082937949,0
328.0,-0.5372582777933874,-0.06728241129730407,1810.5407196923654,1.483610700550354,0.7764028337401933,0
329.0,-0.6685333660659686,-0.0033432527141032606,1859.6432024570067,1.4958914215262051,2.601223645035227,0
330.0,-0.5404085003692995,0.02107199931976411,1792.2566401420283,1.5,1.5999898117025324,0
331.0,-0.6311403635630201,-0.0546515481580754,1793.0914349708046,1.4958914215262051,4.15229988430077,0
332.0,-0.6517503122071651,0.10068104117409547,1765.3651765138914,1.483610700550354,0.05842744006820799,0
333.0,-0.5296099125499667,0.2432730584443038,1802.1856579076791,1.4632923872213652,1.363344449074732,0
334.0,-0.591733065180093,0.030082516983050797,1749.4792736990544,1.4351590932319507,1.286743165679172,0
335.0,-0.6445672139926871,0.20627530814321676,1746.3475650428966,1.3995190528383294,2.5967720291504914,0
336.0,-0.5885705627299138,0.20433529537876619,1809.023927932406,1.3567627457812108,3.4389594784127833,0
337.0,-0.5135956343539693,0.20930000874160323,1732.9846641164818,1.3073586191080457,4.797734501172855,1
338.0,-0.488523564954472,0.3143927728465954,1780.5680016655008,1.2518479547691441,1.7727611428597205,1
339.0,-0.5559588486090733,0.2117144841897174,1780.334654626505,1.1908389392193552,5.989376215651782,1
340.0,-0.4992992043157994,0.3083547496389257,1727.3950359949654,1.1249999999999998,2.6027292159345903,1
341.0,-0.4674981091475331,0.4018811536054292,1719.8040828527792,1.0550524823068508,4.772745329175218,1
342.0,-0.5176415213107863,0.34256622413385646,1743.977724935572,0.9817627457812109,6.440146977704817,1
343.0,-0.44853577311586057,0.3561290829785736,1660.3857248122113,0.9059337681133206,6.104361235995697,1
344.0,-0.44748079102421445,0.4073772249352124,1628.0967213781878,0.8283963474507396,3.9451824393883417,1
345.0,-0.4510652892355833,0.401426301311687,1583.6671367684403,0.7500000000000003,4.603968824255594,1
346.0,-0.4260857605842615,0.5253453318011162,1602.7295762257056,0.671603652549261,5.251662249722353,1
347.0,-0.3742405105365417,0.4196951881906248,1621.9665609574515,0.59406623188668,6.140413769966904,1
348.0,-0.35117847702755234,0.530256760141497,1581.45901281751,0.5182372542187899,8.19256582747768,1
349.0,-0.35505791867523306,0.4388681507889328,1498.5206837664773,0.44494751769314966,4.771647387310695,1
350.0,-0.32129725542000825,0.5539938624067555,1474.3387384850223,0.37500000000000067,7.628255487194617,1
351.0,-0.21672743792671126,0.5292139410342522,1457.2691629634994,0.3091610607806454,8.043010841766248,1
352.0,-0.2333506290866309,0.41536917601946655,1452.8100283203405,0.24815204523085627,8.145796744377375,1
353.0,-0.17076605139776632,0.5598410982306342,1408.86142691407,0.19264138089195487,8.168102913664594,0
354.0,-0.12531908502809758,0.5157947227133794,1391.843814988261,0.14323725421878966,9.885929312341101,0
355.0,-0.12584931407953498,0.5567164201437549,1364.193608402876,0.10048094716167094,8.4591191253619,0
356.0,-0.011202698821534296,0.6659661503727453,1315.7838068903025,0.06484090676804966,9.110619672710394,0
357.0,-0.1351258806123334,0.5351839500050491,1292.6554607760502,0.03670761277863492,8.746826482152153,0
358.0,-0.02229659830647797,0.5422156159346345,1268.9148492770737,0.016389299449646032,10.645844412038626,0
359.0,-0.047308772397320675,0.6732218636963344,1228.8824826397708,0.004108578473794942,5.1393291686922815,0
360.0,0.0927891631685639,0.6059598460234098,1215.1056259498216,0.0,9.923162865678929,0
361.0,0.11642357981538752,0.6784142667323225,1287.5278469456064,0.004108578473794997,7.597490116656432,0
362.0,-0.03499348113974497,0.6133435059267585,1280.476246503717,0.016389299449645768,7.535099872291608,0
363.0,0.04541736689854449,0.5472597707767621,1295.534995416395,0.036707612778634824,6.447291609921486,0
364.0,0.15796266003037268,0.5834801918475179,1274.1634557897983,0.06484090676804932,5.022137603860207,0
365.0,0.19478478755573625,0.6427619172958025,1366.9301396419685,0.100480947161671,7.1545643389762015,0
366.0,0.22223840743293227,0.6190091710196488,1327.0098442719523,0.1432372542187894,6.577512166084574,0
367.0,0.211477503318513,0.5601938325021114,1372.7497471424965,0.19264138089195432,8.209904381168656,0
368.0,0.26679802707365396,0.5506344581211822,1469.6811634195433,0.24815204523085627,5.099969951734677,0
369.0,0.3050453716330442,0.5288188925072618,1493.581351647828,0.3091610607806451,9.275471962823127,0
370.0,0.29610643652313373,0.4898818837083462,1495.5018300495335,0.3749999999999999,7.336103995097058,0
371.0,0.3781485194270976,0.6024963282360116,1475.4830878244497,0.44494751769314966,6.33751050626721,0
372.0,0.23969628892003159,0.4857798551332124,1541.5306958687586,0.5182372542187894,5.408000931220737,0
373.0,0.40928191060840213,0.408142120934564,1557.230085083422,0.5940662318866806,5.036357108477076,0
374.0,0.3497757332010286,0.4213660178555721,1620.5835861992211,0.6716036525492599,4.250027856888231,0
375.0,0.47219795911039797,0.46160506175014054,1691.9959846847544,0.7500000000000002,4.840313162131631,0
376.0,0.4344526740418765,0.43445633540922984,1652.394809925076,0.8283963474507399,5.362120473212633,0
377.0,0.4218482133199812,0.3705422828962422,1642.908243033219,0.9059337681133193,4.7685179542332925,0
378.0,0.5041053044621806,0.3183083035437442,1650.2936507158718,0.9817627457812106,2.580550207632606,0
379.0,0.457635665874966,0.32801252705600514,1701.519512344206,1.05505248230685,3.9583699185546726,0
380.0,0.4739768473928934,0.2139656224973494,1714.3114464652556,1.1249999999999998,2.6602256269943805,0
381.0,0.45623919671536606,0.20547213909165696,1700.0583397271967,1.1908389392193546,3.871747275509491,0
382.0,0.5467918868456548,0.2851119655524569,1751.617931656326,1.2518479547691435,6.050870957412575,0
383.0,0.5849894319828628,0.19038232998656238,1725.6208502589952,1.3073586191080457,3.804477637532311,0
384.0,0.6217852090836542,0.20468439331960422,1803.997127928971,1.3567627457812104,2.002456046766344,0
385.0,0.5724691026839904,0.2179210537150566,1811.4350139470855,1.399519052838329,0.3667723993915786,0
386.0,0.6392813208626656,0.15814263911564763,1819.431098399176,1.435159093231951,0.45879293647610253,0
387.0,0.5935110531138227,0.09492016169004425,1778.391490238827,1.4632923872213652,1.2786092678916872,0
388.0,0.5920487131719863,0.1721161711871277,1812.1487541205067,1.483610700550354,1.9251804012424865,0
389.0,0.6278558682456337,0.06572651356639947,1795.2156356961634,1.495891421526205,0.7289163751224564,0
390.0,0.6529196388062879,-0.018223017197099085,1788.3356381579256,1.5,0.09390038868637214,0
391.0,0.5821059981298146,0.00623326257707791,1789.0033511384822,1.495891421526205,1.3517089237571456,0
392.0,0.5845250561231661,-0.041749753265753545,1757.7216790299397,1.4836107005503545,0.699432893330963,0
393.0,0.5845714341220906,-0.13785997763820468,1749.2970934802288,1.4632923872213648,0.8510399760123359,0
394.0,0.5910270167898753,-0.12099625428678136,1810.718004166565,1.435159093231951,2.690712424718137,0
395.0,0.5345350852931835,-0.1637726370810809,1773.8184336558554,1.399519052838329,2.5819853696623793,0
396.0,0.6220342127804065,-0.2864878138101405,1777.1266553109208,1.3567627457812108,3.6816518219949614,0
397.0,0.5401277743094044,-0.2238833425907092,1790.1995675519447,1.3073586191080457,1.555081241083404,0
398.0,0.5712494474244537,-0.2585947531549755,1696.1332997350785,1.251847954769144,4.792468929477755,0
399.0,0.4933302859018245,-0.2949262665949569,1711.080012298544,1.190838939219355,5.331398864679818,0
400.0,0.5375554399111079,-0.3845548399095816,1724.8752875746154,1.1250000000000002,36.08149444835743,0
401.0,0.5227819915547712,-0.34501592192156993,1714.9651843672218,1.0550524823068503,36.469822551405585,0
402.0,0.4643761262851017,-0.3547112559117102,1674.0979631129355,0.9817627457812106,33.99594051033272,0
403.0,0.5673320485240396,-0.3723524575944722,1697.162953855118,0.9059337681133199,31.180875598166004,0
404.0,0.4644388933485319,-0.4598463438381801,1652.198743451326,0.8283963474507406,36.84610932548131,0
405.0,0.5131105148607977,-0.39175273575738206,1587.8626045470928,0.7500000000000002,34.22953551453293,0
406.0,0.4494353100102211,-0.5083704632095987,1573.5554505355956,0.6716036525492595,35.5684980413106,0
407.0,0.3444784942770991,-0.4777896376289068,1601.756366444741,0.5940662318866804,37.87020154103374,0
408.0,0.33356181059258916,-0.41832726060213204,1566.5860950691658,0.5182372542187896,36.88718528004006,0
409.0,0.3485885243768779,-0.5387902058677017,1469.8115838388183,0.4449475176931502,37.05873955706957,0
410.0,0.3030586265919375,-0.5458653261691027,1540.4313691158723,0.3749999999999999,7.964256067710993,0
411.0,0.27486735693167474,-0.4794362606461419,1490.3351107765448,0.3091610607806452,4.232141882938115,0
412.0,0.2297317381267525,-0.5678629493264347,1484.3422754763749,0.24815204523085616,10.167544515626538,0
413.0,0.12459695194013064,-0.5754110751555966,1403.5097432949278,0.19264138089195473,6.897088739697,0
414.0,0.17413856445393391,-0.5592659755266063,1376.5390099849988,0.14323725421878952,7.111165409410653,0
415.0,0.04438535386537462,-0.5256345404487075,1321.497714518973,0.10048094716167122,8.596830907635159,0
416.0,0.14333799292990246,-0.7001198559881068,1400.8549015946123,0.06484090676804932,7.600926507807372,0
417.0,0.05755778965275328,-0.6351715619837878,1288.597052261924,0.03670761277863487,6.585099271717247,0
418.0,0.026946241651985094,-0.6484588092616624,1310.3430737230506,0.01638929944964585,7.727072459786675,0
419.0,0.020436383964267606,-0.6548983949069169,1211.9828002041484,0.004108578473795063,7.363048294225571,0
420.0,0.013633617314793277,-0.6438891737672355,1204.915235769993,2.2496396739927864e-32,6.960632100091803,0
421.0,-0.10300188263256391,-0.6422551362980058,1181.2609991486638,0.004108578473794955,11.037120263661413,0
422.0,-0.15014713743826244,-0.5812523346609523,1251.231063497589,0.016389299449645782,5.7386079747387235,0
423.0,-0.1471639725991291,-0.6382193891306664,1323.373326276139,0.036707612778634754,4.484050769599518,0
424.0,-0.2268333907005916,-0.5806093465422112,1287.1947000234204,0.06484090676804916,6.3539882252959785,0
425.0,-0.2036339075559771,-0.558984467029846,1387.4582534095505,0.10048094716167069,6.206909661218516,0
426.0,-0.10586604509882033,-0.6080365688111858,1395.5273311004225,0.14323725421878972,9.720822596336244,0
427.0,-0.26785006555203283,-0.5534544471276513,1383.7022419776526,0.19264138089195448,7.646285964747833,0
428.0,-0.21147172710047069,-0.46425131881325654,1428.9940677027098,0.24815204523085588,8.526429380101856,0
429.0,-0.3409760402569845,-0.5181012163024153,1458.6223295425655,0.3091610607806444,8.008843584017077,0
430.0,-0.28504399237137534,-0.5522642134636586,1498.514419861725,0.37500000000000017,5.47764786682569,0
431.0,-0.3427701116196503,-0.5065283713212118,1510.6991020307237,0.4449475176931499,7.915215424423947,0
432.0,-0.3556617906521975,-0.5323072982645765,1527.8525143513477,0.5182372542187892,6.667287894042421,0
433.0,-0.3491533549115253,-0.45243076600611243,1568.454603554458,0.5940662318866802,9.080038773728319,0
434.0,-0.31366635754950595,-0.4017644383140695,1570.6716716570434,0.6716036525492599,6.1828066066775085,0
435.0,-0.4145287512202648,-0.4661612834495419,1585.5782715326363,0.7499999999999998,5.521829109663924,0
436.0,-0.4396689477166316,-0.412175555579331,1644.4416008112155,0.8283963474507396,6.410230163078966,0
437.0,-0.5149559627482984,-0.3207274275772165,1692.7738036408196,0.90593376811332,6.1143933275553355,0
438.0,-0.4562432138583517,-0.378095436835118,1639.5290454714475,0.9817627457812104,1.872647689364432,0
439.0,-0.515505957294518,-0.31717829585850393,1703.3075853111734,1.0550524823068503,6.171728708977621,0
440.0,-0.4780148901252415,-0.3523065400027392,1700.1165564266244,1.1249999999999996,5.575925564350584,0
441.0,-0.5367892370372693,-0.31423358870587653,1705.2895513989802,1.1908389392193546,4.845439710868767,0
442.0,-0.46108448939506796,-0.270215145323687,1773.730404166999,1.251847954769144,1.4556646106840545,0
443.0,-0.6592940810551943,-0.10620476856646571,1744.603165225601,1.3073586191080453,0.28537006937019305,0
444.0,-0.5854638777848458,-0.20586270369179466,1815.5829602690383,1.3567627457812104,1.9738721773805459,0
445.0,-0.535481413833378,-0.1817893613649935,1756.1603148490492,1.399519052838329,3.1465293847309264,0
446.0,-0.6044231702945327,-0.1529066909145128,1798.4836202490583,1.4351590932319507,2.3048920682522964,0
447.0,-0.6322216578073556,-0.10214079672705227,1785.7945141603664,1.4632923872213648,0.34574275590381465,0
448.0,-0.6100071675079431,-0.02992057204294627,1774.092482947173,1.483610700550354,2.2028295245104887,0
449.0,-0.6681741582331112,-0.021927051895589564,1816.807972130077,1.4958914215262051,1.7607322908898662,0
450.0,-0.5940523114155115,0.10289073373501967,1795.3505228077559,1.5,2.124867276324082,0
451.0,-0.47715462884408316,0.042091296082411356,1817.2740382741538,1.4958914215262051,0.5239996726540184,0
452.0,-0.5394615623096276,0.1350872854284208,1795.294392004454,1.483610700550354,1.8054226601051826,0
453.0,-0.6480634596828461,0.10769623482538139,1760.0385166980395,1.4632923872213652,2.376094642069029,0
454.0,-0.630555614556698,0.15502608941302803,1783.826483144616,1.4351590932319507,3.9946087007814213,0
455.0,-0.5997918862245637,0.08311143007584648,1781.1141508589253,1.3995190528383294,0.4933747378152811,0
456.0,-0.5204131033903954,0.1790572242180094,1799.387798393528,1.3567627457812108,4.243942930773622,0
457.0,-0.6012226063567805,0.2115733826957403,1732.9601856782658,1.3073586191080457,2.3041015939044214,1
458.0,-0.5826388455329373,0.23189413550060625,1746.9473789875415,1.2518479547691441,2.1022516692430946,1
459.0,-0.4903664428372756,0.16475036848418462,1682.9475526061196,1.1908389392193552,3.785932645708708,1
460.0,-0.4763826137469058,0.3440312230936329,1739.1600340809628,1.1249999999999998,3.6784835701199308,1
461.0,-0.521893073786727,0.3074259045249069,1670.7578515280352,1.0550524823068508,2.8758728125519823,1
462.0,-0.5412983673436081,0.33076758526316796,1631.2194109924606,0.9817627457812109,2.306286376137226,1
463.0,-0.5437748180373181,0.3648336615778942,1664.5110718459407,0.9059337681133206,3.62142078154588,1
464.0,-0.4808364016319416,0.3900744043715932,1679.0574440463217,0.8283963474507396,7.5315806893650015,1
465.0,-0.535790513825505,0.44461898975136593,1578.5306602655724,0.7500000000000003,8.600708504663087,1
466.0,-0.3639873697198195,0.38233528270817296,1568.8372962536625,0.671603652549261,6.920333272855324,1
467.0,-0.4090937696201302,0.4197354740283328,1555.2939878983038,0.59406623188668,7.996055889023169,1
468.0,-0.3286064681632271,0.49994186141993835,1518.7862519852238,0.5182372542187899,5.696886506613963,1
469.0,-0.2333671766289495,0.5104814813332726,1538.1662576590536,0.44494751769314966,6.593637030940729,1
470.0,-0.24135021464335707,0.5007825018252264,1475.7789766486655,0.37500000000000067,7.352350328695494,1
471.0,-0.3299510417410777,0.5059082942309716,1450.7488577499223,0.3091610607806454,5.506117816148168,1
472.0,-0.2005795365216454,0.5064060394270642,1461.5411478059495,0.24815204523085627,5.823447410850287,1
473.0,-0.1571279183513586,0.5572304977035374,1392.3553307981201,0.19264138089195487,7.614409372035397,0
474.0,-0.22272802252977322,0.6296705334366642,1398.3935995583904,0.14323725421878966,7.127996239999603,0
475.0,-0.20295627321511264,0.5266529582044884,1326.1498719050512,0.10048094716167094,6.132071441003719,0
476.0,-0.130231609357583,0.6630544627727915,1288.3828590641972,0.06484090676804966,8.404978999779868,0
477.0,-0.17393184649994775,0.6348120776261039,1238.7972003484108,0.03670761277863492,7.506587774046613,0
478.0,0.010819669504485069,0.574064950355467,1318.5531615679445,0.016389299449646032,9.488206089235515,0
479.0,-0.1516697633972906,0.6383314646258986,1221.7938027818363,0.004108578473794942,7.981264625309867,0
480.0,-0.05534037078710302,0.5267048291568956,1207.3180010384528,0.0,7.549540311320607,0
481.0,0.0179233155453079,0.5125989735946822,1230.4700884763422,0.004108578473794997,8.180546055057965,0
482.0,0.05136272339405791,0.532224024413405,1267.5159306708101,0.016389299449645768,7.698199981947844,0
483.0,0.10216688768126973,0.5721256810913731,1295.3512734053697,0.036707612778634824,6.89943765322399,0
484.0,0.13831944292439743,0.5706180619927993,1381.9935256667366,0.06484090676804932,7.222246677247382,0
485.0,0.14461082633024003,0.5537983749163076,1324.123629332798,0.100480947161671,8.851535173293746,0
486.0,0.2422545125634655,0.5756050443053299,1338.6863334420232,0.1432372542187894,8.578227205559687,0
487.0,0.10805196124532042,0.453390560512387,1384.6619796726495,0.19264138089195432,9.397985126023752,0
488.0,0.24403376014963205,0.5728947449031377,1404.000715552724,0.24815204523085627,4.76887274622127,0
489.0,0.23666507925795816,0.4636388855684041,1494.8031614181864,0.3091610607806451,6.538416175121975,0
490.0,0.30662567175717426,0.4865727120093972,1524.6113462861326,0.3749999999999999,6.306340212701679,0
491.0,0.33782141290633017,0.4825598174526045,1497.9439546545063,0.44494751769314966,6.967023312025081,0
492.0,0.30707970755074443,0.4275996647878443,1510.9580780815943,0.5182372542187894,5.793900068149772,0
493.0,0.3455447848031279,0.39773759344230303,1566.9483350356697,0.5940662318866806,5.447393180162704,0
494.0,0.44110769997790716,0.39558281202572115,1643.2120801516066,0.6716036525492599,7.1196209890043525,0
495.0,0.4417168821444778,0.4236678866048696,1539.676986177979,0.7500000000000002,5.923985522496524,0
496.0,0.4118744734563126,0.4309774727682868,1661.6856983569126,0.8283963474507399,3.6034988171514284,0
497.0,0.5682821248412796,0.4058039935150998,1634.0149200507249,0.9059337681133193,7.0363226101313705,0
498.0,0.6008690790497225,0.30294659946195934,1716.6212110212066,0.9817627457812106,6.197410093802706,0
499.0,0.4300792168192366,0.28720456359841856,1670.8646225409518,1.05505248230685,3.4961728098671374,0
500.0,0.5347049902856803,0.25396984176750365,1711.052767454188,1.1249999999999998,5.2469206231290135,0
501.0,0.6600536362946403,0.294884915448552,1689.4155414938339,1.1908389392193546,2.529179137986799,0
502.0,0.5873222060448051,0.1421709768195526,1718.8095390706173,1.2518479547691435,4.9424407603020395,0
503.0,0.5712012630439484,0.2769377327562915,1801.7234307897047,1.3073586191080457,2.5401967362301754,0
504.0,0.5602310681091204,0.1611699528604853,1795.2512703537936,1.3567627457812104,1.2678723618655774,0
505.0,0.552495781479605,0.11611518387149328,1767.5054512089207,1.399519052838329,1.5108957670950693,0
506.0,0.5762628253092966,0.1417197042860337,1760.7833893341558,1.435159093231951,0.5145479708165936,0
507.0,0.5650765337366758,0.14549163177945618,1735.7987902617283,1.4632923872213652,1.5396852143108046,0
508.0,0.6339585551488657,0.07984624080483838,1784.9034358639344,1.483610700550354,1.098885556748038,0
509.0,0.5792700382181721,0.08403879661169703,1798.2506232751552,1.495891421526205,0.4723920978608238,0
510.0,0.5779424243994971,0.006717940832688349,1797.4783692649655,1.5,0.8349231684925071,0
511.0,0.5390696865112902,0.030080356539620365,1796.3639630134592,1.495891421526205,5.9103103652537365,0
512.0,0.5942336435019488,-0.0004590760296571822,1763.0588484041564,1.4836107005503545,0.6969742831571223,0
513.0,0.5479069206851324,-0.09883461849074188,1790.6247877961139,1.4632923872213648,4.09582728722723,0
514.0,0.5778510520038287,-0.05278672009430781,1785.7283590542304,1.435159093231951,1.2970109991885652,0
515.0,0.6316462734095176,-0.1470547419958376,1818.2723569075363,1.399519052838329,0.37436175123680404,0
516.0,0.5889301540926485,-0.18106553560986705,1826.635913407663,1.3567627457812108,2.0613074971224954,0
517.0,0.5853845206375926,-0.26109445324954983,1756.0385850907874,1.3073586191080457,3.4510984887887695,0
518.0,0.5659318195734507,-0.2584809861348398,1725.138096050284,1.251847954769144,3.5237095503920264,0
519.0,0.5375627010225954,-0.23351516255154892,1732.654450620162,1.190838939219355,3.831517938286697,0
520.0,0.5132488307370817,-0.36563234548682017,1701.3866040130301,1.1250000000000002,4.8238624389675735,0
521.0,0.4878120299721711,-0.2943022205427525,1680.929326294867,1.0550524823068503,5.232796520458718,0
522.0,0.523366047066622,-0.3352403538120106,1683.6506920673041,0.9817627457812106,6.088125965242359,0
523.0,0.41207558640977016,-0.36371416381739635,1634.9884439396133,0.9059337681133199,3.252319758403071,0
524.0,0.5129230245977139,-0.511802973586513,1664.0700978210873,0.8283963474507406,5.3763747606530465,0
525.0,0.42596797184616936,-0.4294262146936584,1621.1466022364061,0.7500000000000002,4.222447155951743,0
526.0,0.36404334428644614,-0.41347389490188874,1608.9786130211135,0.6716036525492595,6.3202351676365245,0
527.0,0.3531349306779018,-0.5044353247200917,1572.104033550782,0.5940662318866804,6.108916066559137,0
528.0,0.3188216313160783,-0.4808948616700792,1530.8535179579117,0.5182372542187896,6.7277099247248495,0
529.0,0.33479374596041844,-0.6221060042206653,1498.3446342165507,0.4449475176931502,6.015110461022558,0
530.0,0.26410784777558455,-0.48604559045623985,1492.8817198702639,0.3749999999999999,5.688249751044886,0
531.0,0.32950085978291493,-0.5677255549968079,1455.9314897208938,0.3091610607806452,6.7684952615618785,0
532.0,0.20496003621476785,-0.5045594272072242,1451.0590258417672,0.24815204523085616,8.319087909093877,0
533.0,0.10139467320647169,-0.6522875696949322,1414.887818631251,0.19264138089195473,8.638574152402144,0
534.0,0.14886027198867374,-0.5360205403608098,1344.5409941872865,0.14323725421878952,5.119696323510055,0
535.0,0.05486536839652974,-0.5914024601560567,1357.3050660443632,0.10048094716167122,8.14746312363378,0
536.0,0.12275357196202276,-0.5465083705568353,1284.461201976433,0.06484090676804932,8.261834031255681,0
537.0,0.14681857794270417,-0.6388984937126876,1275.36635025856,0.03670761277863487,5.703995612915074,0
538.0,0.09510506797387591,-0.627635988458125,1253.8864696840567,0.01638929944964585,6.324383431034039,0
539.0,-0.03547790150159559,-0.4870551536116171,1169.1433754084273,0.004108578473795063,7.188279371141517,0
540.0,-0.0381127640783999,-0.6414976075218615,1202.7452234357995,2.2496396739927864e-32,8.59909480312172,0
541.0,0.05753010303256812,-0.6344790812231382,1235.9310742371963,0.004108578473794955,4.459239890030281,0
542.0,-0.046791507523875404,-0.6105422390792181,1257.976352157852,0.016389299449645782,7.366714481531239,0
543.0,-0.09365474439243548,-0.643740940648101,1281.1311608499905,0.036707612778634754,7.081028506803878,0
544.0,-0.07194388643097754,-0.5273657211227687,1313.538904687411,0.06484090676804916,8.08184000336879,0
545.0,-0.03265437079000427,-0.4933048300632284,1325.9952430031806,0.10048094716167069,9.848867774929174,0
546.0,-0.1205815327459817,-0.6058392131062589,1377.3191855331042,0.14323725421878972,9.610595227896868,0
547.0,-0.2080500069886513,-0.6464498648489857,1398.4424156217344,0.19264138089195448,6.858176124372786,0
548.0,-0.22630757704623872,-0.48952840943602294,1446.7925476261019,0.24815204523085588,6.720619515958739,0
549.0,-0.2415403102888169,-0.4791843889234344,1436.2702171573821,0.3091610607806444,7.48804967946434,0
550.0,-0.3306349248255062,-0.4785322826617338,1507.0676972703343,0.37500000000000017,8.6857289194581,0
551.0,-0.37971939464488824,-0.4453767690298088,1531.0799878133464,0.4449475176931499,8.87185133740369,0
552.0,-0.3500486972010148,-0.5287864599161586,1548.424266410122,0.5182372542187892,6.963911951486414,0
553.0,-0.4249527961030584,-0.47471239730777964,1564.4160899373137,0.5940662318866802,8.401359589629557,0
554.0,-0.40455148476706837,-0.515092375503464,1618.0485605894182,0.6716036525492599,4.596785599897359,0
555.0,-0.4194579167123239,-0.49517221019121926,1574.3260175081125,0.7499999999999998,3.9278570767922965,0
556.0,-0.3288350291922896,-0.35242329845183845,1659.70049543079,0.8283963474507396,1.109493606230906,0
557.0,-0.508840076607011,-0.41118789775205766,1673.5787008598938,0.90593376811332,3.717086950797531,0
558.0,-0.4914996432235151,-0.238692571674481,1693.911485401007,0.9817627457812104,5.591556425636,0
559.0,-0.5114174852464811,-0.3230744155098876,1714.7017185402349,1.0550524823068503,5.664609758977862,0
560.0,-0.4977497156018965,-0.332021240761686,1700.0059100728777,1.1249999999999996,9.177592133389407,0
561.0,-0.48226769793383956,-0.23250003965841026,1726.8201127639777,1.1908389392193546,4.524257705669231,0
562.0,-0.5726514496668933,-0.1539788679655114,1767.239024522051,1.251847954769144,3.519353960515552,0
563.0,-0.6012158574035725,-0.19071422175592306,1773.0674332208143,1.3073586191080453,1.4152327108098854,0
564.0,-0.6526694405736748,-0.246267455164651,1776.8352927403714,1.3567627457812104,1.5547357252190643,0
565.0,-0.6258657206135834,-0.13674128696725923,1734.1258884198521,1.399519052838329,1.1880277502505117,0
566.0,-0.5600665187114536,-0.055967111437319375,1803.0251738867796,1.4351590932319507,1.3428521217187561,0
567.0,-0.5903306522659224,-0.11852272647545337,1827.6971341168755,1.4632923872213648,0.2601106746730788,0
568.0,-0.6474848369662719,-0.10139917583115637,1827.0032820122497,1.483610700550354,1.3351722960547212,0
569.0,-0.6178160946769872,0.019420821822379045,1806.1940623158175,1.4958914215262051,2.0160029832125343,0
570.0,-0.5984263526104867,0.006998387025098944,1753.2696418918742,1.5,0.6859505770937564,0
571.0,-0.5739937742722978,-0.02372553138837124,1827.454065279585,1.4958914215262051,1.6641096972779745,0
572.0,-0.6263828548628902,0.043729747881515235,1792.295498119371,1.483610700550354,3.264218170992727,0
573.0,-0.6051350072399764,0.05607755447584057,1716.6374149150738,1.4632923872213652,3.1967794051639027,0
574.0,-0.6778102971072938,0.1395604477341767,1798.2047825334994,1.4351590932319507,2.7917197717632414,0
575.0,-0.6371247858853382,0.1607756527361891,1734.790342281055,1.3995190528383294,0.27272523153455674,0
576.0,-0.48974812686814995,0.24293254877797965,1731.7406923712404,1.3567627457812108,2.731553160242963,0
577.0,-0.6695552895330633,0.25050402182624254,1741.0994891271057,1.3073586191080457,2.514984556727601,1
578.0,-0.565017402217262,0.1658652861440112,1786.305009922047,1.2518479547691441,3.375133717488067,1
579.0,-0.523644003045808,0.29274382641649177,1723.478553887669,1.1908389392193552,3.349746803498361,1
580.0,-0.538332704537015,0.3448466159836703,1727.7449899027647,1.1249999999999998,4.7799292371639375,1
581.0,-0.5436102169355245,0.34957738436066016,1755.6413796798215,1.0550524823068508,3.7648524766573783,1
582.0,-0.48846412324433514,0.4041741343394578,1733.2310895046423,0.9817627457812109,5.984137777475722,1
583.0,-0.46653584694929673,0.3501133849963976,1663.1869743993618,0.9059337681133206,5.396655415778495,1
584.0,-0.44999276553303136,0.35393677245102245,1638.641264624621,0.8283963474507396,4.9134305925380195,1
585.0,-0.5181496747695344,0.4707675699740533,1586.437949689242,0.7500000000000003,5.4890741991059295,1
586.0,-0.40884854521308506,0.3926136617121507,1580.6446215898677,0.671603652549261,5.284277487429025,1
587.0,-0.4203478691444801,0.3583107002352975,1590.3529850582854,0.59406623188668,7.437993762551499,1
588.0,-0.380057945116161,0.5366751938578193,1564.5430742297733,0.5182372542187899,6.064939227545924,1
589.0,-0.31543468284194354,0.4669930944838191,1530.0905679442349,0.44494751769314966,7.151700139237653,1
590.0,-0.2679635624759719,0.5043119322201797,1529.844049726918,0.37500000000000067,6.3395963475634955,1
591.0,-0.22755543313163448,0.46470494710150007,1449.223259452733,0.3091610607806454,4.900399380385564,1
592.0,-0.2688626386944245,0.4818508952353045,1442.3596902399763,0.24815204523085627,8.667520269204454,1
593.0,-0.1688206308911746,0.5023188137995405,1436.9580593820249,0.19264138089195487,5.881453642754981,0
594.0,-0.12672381999376903,0.5526014171905015,1402.934573811806,0.14323725421878966,8.627193582981263,0
595.0,-0.09845953083420944,0.5980554495812376,1387.419800333485,0.10048094716167094,8.35763577414829,0
596.0,-0.05525861755008425,0.471997999652413,1336.6576266936077,0.06484090676804966,5.3411306443489615,0
597.0,-0.10114480432008426,0.6302216630879837,1284.5786023562337,0.03670761277863492,6.484484376631488,0
598.0,-0.07142367371425569,0.537613229081534,1273.5828457684647,0.016389299449646032,7.185024202560103,0
599.0,0.009850965223951347,0.5458621329550413,1201.323717854243,0.004108578473794942,6.757959214675246,0
